reference,field,match,numerical_difference,representation_difference,no_equivalent,reference_rejected,model_assumption
gfx10,pitch,16114,2673,3867,9363,4590,0
gfx10,slice,22213,441,0,9363,4590,0
gfx10,mip_in_tail,22654,0,0,9363,4590,0
gfx10,mip_offset_b,22654,0,0,9363,4590,0
gfx10,l2_ms,19172,3482,0,9363,4590,0
gfx10,l2_blk_w,18554,4100,0,9363,4590,0
gfx10,l2_blk_h,22036,618,0,9363,4590,0
gfx10,l2_blk_d,22654,0,0,9363,4590,0
gfx10,l2_blk_w_slice,22036,618,0,9363,4590,0
gfx12,pitch,28028,0,6579,0,2000,0
gfx12,slice,33777,830,0,0,2000,0
gfx12,mip_in_tail,34607,0,0,0,2000,0
gfx12,mip_offset_b,34607,0,0,0,2000,0
gfx12,l2_ms,34607,0,0,0,2000,0
gfx12,l2_blk_w,34607,0,0,0,2000,0
gfx12,l2_blk_h,34607,0,0,0,2000,0
gfx12,l2_blk_d,34607,0,0,0,2000,0
gfx12,l2_blk_w_slice,34607,0,0,0,2000,0
